# ['s_0-1_alng - Copy.tif', 'F488_Pos_0-1_alng.tif']
1.938153381347656250e+02,1.938153381347656250e+02
2.083702697753906250e+02,2.083702697753906250e+02
2.229374084472656250e+02,2.229374084472656250e+02
2.275129089355468750e+02,2.275129089355468750e+02
2.345712738037109375e+02,2.345712738037109375e+02
